Loan Date Quarter,BorrowerState,LoanAmount
2006-Q1,AL,13500
2006-Q1,AR,2000
2006-Q1,AZ,67600
2006-Q1,CA,423564
2006-Q1,CO,75800
2006-Q1,CT,7000
2006-Q1,FL,144575
2006-Q1,GA,381031
2006-Q1,HI,8500
2006-Q1,ID,15000
2006-Q1,IL,24600
2006-Q1,IN,59850
2006-Q1,KS,22300
2006-Q1,LA,11800
2006-Q1,MA,106203
2006-Q1,MD,35102
2006-Q1,ME,15000
2006-Q1,MI,122325
2006-Q1,MN,2600
2006-Q1,MO,117100
2006-Q1,MS,3500
2006-Q1,MT,19300
2006-Q1,NC,57000
2006-Q1,ND,5500
2006-Q1,NE,2500
2006-Q1,NH,35100
2006-Q1,NJ,22000
2006-Q1,NM,10552
2006-Q1,NY,194575
2006-Q1,OH,3363
2006-Q1,OK,5051
2006-Q1,OR,58349
2006-Q1,PA,1000
2006-Q1,TN,8500
2006-Q1,TX,230380
2006-Q1,UT,28000
2006-Q1,VA,6250
2006-Q1,WA,91780
2006-Q1,WI,6500
2006-Q1,WV,13550
2006-Q2,AL,86852
2006-Q2,AR,1000
2006-Q2,AZ,107175
2006-Q2,CA,1047778
2006-Q2,CO,95600
2006-Q2,CT,5800
2006-Q2,DE,3000
2006-Q2,FL,349649
2006-Q2,GA,541225
2006-Q2,HI,6250
2006-Q2,IA,27500
2006-Q2,ID,43400
2006-Q2,IL,324006
2006-Q2,IN,71100
2006-Q2,KS,37690
2006-Q2,LA,39650
2006-Q2,MA,164514
2006-Q2,MD,106720
2006-Q2,ME,4000
2006-Q2,MI,216410
2006-Q2,MN,2000
2006-Q2,MO,179020
2006-Q2,MS,3000
2006-Q2,MT,6600
2006-Q2,NC,124400
2006-Q2,ND,10500
2006-Q2,NE,7300
2006-Q2,NH,60006
2006-Q2,NJ,65650
2006-Q2,NM,33501
2006-Q2,NY,224251
2006-Q2,OK,44103
2006-Q2,OR,127195
2006-Q2,PA,14500
2006-Q2,SC,4800
2006-Q2,TN,12000
2006-Q2,TX,813697
2006-Q2,UT,58426
2006-Q2,VA,86444
2006-Q2,WA,148840
2006-Q2,WI,92100
2006-Q2,WV,8000
2006-Q3,AK,5000
2006-Q3,AL,247075
2006-Q3,AR,4000
2006-Q3,AZ,167700
2006-Q3,CA,1427653
2006-Q3,CO,149900
2006-Q3,CT,18000
2006-Q3,DE,2000
2006-Q3,FL,320254
2006-Q3,GA,519424
2006-Q3,HI,10200
2006-Q3,IA,23501
2006-Q3,ID,31250
2006-Q3,IL,381596
2006-Q3,IN,171684
2006-Q3,KS,30340
2006-Q3,KY,2000
2006-Q3,LA,41600
2006-Q3,MA,116206
2006-Q3,MD,134808
2006-Q3,ME,8150
2006-Q3,MI,149327
2006-Q3,MN,1000
2006-Q3,MO,239030
2006-Q3,MS,11250
2006-Q3,MT,26000
2006-Q3,NC,177500
2006-Q3,ND,15900
2006-Q3,NE,9400
2006-Q3,NH,32002
2006-Q3,NJ,107475
2006-Q3,NM,37804
2006-Q3,NY,207563
2006-Q3,OH,11500
2006-Q3,OK,38750
2006-Q3,OR,198600
2006-Q3,PA,14600
2006-Q3,SC,9000
2006-Q3,TN,16800
2006-Q3,TX,803942
2006-Q3,UT,113000
2006-Q3,VA,82373
2006-Q3,WA,199627
2006-Q3,WI,68550
2006-Q3,WV,17100
2006-Q3,WY,10250
2006-Q4,AL,190401
2006-Q4,AR,5000
2006-Q4,AZ,313168
2006-Q4,CA,2701261
2006-Q4,CO,268005
2006-Q4,CT,41700
2006-Q4,DE,7000
2006-Q4,FL,429499
2006-Q4,GA,844467
2006-Q4,HI,33000
2006-Q4,IA,77700
2006-Q4,ID,91800
2006-Q4,IL,604547
2006-Q4,IN,163397
2006-Q4,KS,87500
2006-Q4,LA,88050
2006-Q4,MA,298848
2006-Q4,MD,451707
2006-Q4,ME,14000
2006-Q4,MI,515975
2006-Q4,MN,13300
2006-Q4,MO,421675
2006-Q4,MS,6500
2006-Q4,MT,21200
2006-Q4,NC,201250
2006-Q4,ND,28250
2006-Q4,NE,51850
2006-Q4,NH,103002
2006-Q4,NJ,173929
2006-Q4,NM,67514
2006-Q4,NY,382748
2006-Q4,OH,9350
2006-Q4,OK,151500
2006-Q4,OR,271569
2006-Q4,PA,1000
2006-Q4,SC,36150
2006-Q4,TN,9000
2006-Q4,TX,1562603
2006-Q4,UT,151500
2006-Q4,VA,235593
2006-Q4,VT,10500
2006-Q4,WA,316192
2006-Q4,WI,144925
2006-Q4,WV,27190
2006-Q4,WY,7000
2007-Q1,AK,11000
2007-Q1,AL,491780
2007-Q1,AR,16900
2007-Q1,AZ,292851
2007-Q1,CA,3949417
2007-Q1,CO,420052
2007-Q1,CT,35999
2007-Q1,DE,1000
2007-Q1,FL,878914
2007-Q1,GA,1510807
2007-Q1,HI,40000
2007-Q1,IA,95828
2007-Q1,ID,137400
2007-Q1,IL,1466567
2007-Q1,IN,227899
2007-Q1,KS,187250
2007-Q1,KY,65002
2007-Q1,LA,105915
2007-Q1,MA,393960
2007-Q1,MD,706616
2007-Q1,ME,18900
2007-Q1,MI,795344
2007-Q1,MN,381096
2007-Q1,MO,514794
2007-Q1,MS,26000
2007-Q1,MT,81200
2007-Q1,NC,430640
2007-Q1,ND,22635
2007-Q1,NE,62000
2007-Q1,NH,143304
2007-Q1,NJ,310197
2007-Q1,NM,139062
2007-Q1,NY,691740
2007-Q1,OH,548119
2007-Q1,OK,208939
2007-Q1,OR,526973
2007-Q1,PA,4000
2007-Q1,SC,36575
2007-Q1,TN,7000
2007-Q1,TX,1383997
2007-Q1,UT,363964
2007-Q1,VA,157397
2007-Q1,VT,14000
2007-Q1,WA,623673
2007-Q1,WI,150974
2007-Q1,WV,56300
2007-Q1,WY,11200
2007-Q2,AK,30800
2007-Q2,AL,325075
2007-Q2,AR,4700
2007-Q2,AZ,510100
2007-Q2,CA,3685326
2007-Q2,CO,335165
2007-Q2,CT,32499
2007-Q2,DE,7575
2007-Q2,FL,751638
2007-Q2,GA,1503319
2007-Q2,HI,74500
2007-Q2,IA,93100
2007-Q2,ID,113000
2007-Q2,IL,1371064
2007-Q2,IN,289450
2007-Q2,KS,82125
2007-Q2,KY,91503
2007-Q2,LA,20950
2007-Q2,MA,345405
2007-Q2,MD,697184
2007-Q2,ME,33100
2007-Q2,MI,611025
2007-Q2,MN,565649
2007-Q2,MO,532830
2007-Q2,MS,53850
2007-Q2,MT,82900
2007-Q2,NC,347288
2007-Q2,NE,57700
2007-Q2,NH,123002
2007-Q2,NJ,124500
2007-Q2,NM,108313
2007-Q2,NY,423047
2007-Q2,OH,880684
2007-Q2,OK,142585
2007-Q2,OR,419689
2007-Q2,PA,1000
2007-Q2,SC,7000
2007-Q2,TN,7600
2007-Q2,TX,246525
2007-Q2,UT,329770
2007-Q2,VA,143349
2007-Q2,VT,16000
2007-Q2,WA,700579
2007-Q2,WI,116600
2007-Q2,WV,22360
2007-Q2,WY,31750
2007-Q3,AK,50000
2007-Q3,AL,304905
2007-Q3,AR,1000
2007-Q3,AZ,456674
2007-Q3,CA,3840614
2007-Q3,CO,398360
2007-Q3,CT,57961
2007-Q3,DE,10000
2007-Q3,FL,975239
2007-Q3,GA,1824585
2007-Q3,HI,49200
2007-Q3,IA,207199
2007-Q3,ID,113542
2007-Q3,IL,1322923
2007-Q3,IN,348429
2007-Q3,KS,88175
2007-Q3,KY,115202
2007-Q3,LA,67499
2007-Q3,MA,356123
2007-Q3,MD,772393
2007-Q3,ME,83900
2007-Q3,MI,769024
2007-Q3,MN,489237
2007-Q3,MO,365513
2007-Q3,MS,79600
2007-Q3,MT,93634
2007-Q3,NC,352650
2007-Q3,ND,40475
2007-Q3,NE,92750
2007-Q3,NH,121051
2007-Q3,NJ,294873
2007-Q3,NM,124103
2007-Q3,NY,535297
2007-Q3,OH,665125
2007-Q3,OK,130750
2007-Q3,OR,575949
2007-Q3,SC,48100
2007-Q3,TN,52400
2007-Q3,TX,561961
2007-Q3,UT,362775
2007-Q3,VA,153850
2007-Q3,VT,10000
2007-Q3,WA,609199
2007-Q3,WI,203260
2007-Q3,WV,15000
2007-Q3,WY,9500
2007-Q4,AK,32674
2007-Q4,AL,313674
2007-Q4,AR,6000
2007-Q4,AZ,611150
2007-Q4,CA,4398960
2007-Q4,CO,507257
2007-Q4,CT,29000
2007-Q4,DC,67499
2007-Q4,DE,1000
2007-Q4,FL,1189657
2007-Q4,GA,1583824
2007-Q4,HI,21000
2007-Q4,IA,158999
2007-Q4,ID,210194
2007-Q4,IL,1737847
2007-Q4,IN,309824
2007-Q4,KS,121999
2007-Q4,KY,97501
2007-Q4,LA,25000
2007-Q4,MA,317452
2007-Q4,MD,842112
2007-Q4,ME,50900
2007-Q4,MI,677795
2007-Q4,MN,654347
2007-Q4,MO,556571
2007-Q4,MS,49100
2007-Q4,MT,101300
2007-Q4,NC,504050
2007-Q4,ND,37800
2007-Q4,NE,101497
2007-Q4,NH,210905
2007-Q4,NJ,151500
2007-Q4,NM,170763
2007-Q4,NY,430611
2007-Q4,OH,813300
2007-Q4,OK,157745
2007-Q4,OR,636050
2007-Q4,PA,3500
2007-Q4,SC,37499
2007-Q4,TN,26000
2007-Q4,TX,422981
2007-Q4,UT,400385
2007-Q4,VA,220298
2007-Q4,VT,24000
2007-Q4,WA,836959
2007-Q4,WI,353162
2007-Q4,WV,31200
2007-Q4,WY,32799
2008-Q1,AK,27500
2008-Q1,AL,291126
2008-Q1,AR,159700
2008-Q1,AZ,610337
2008-Q1,CA,3704825
2008-Q1,CO,498413
2008-Q1,CT,237024
2008-Q1,DC,157300
2008-Q1,DE,64600
2008-Q1,FL,1833382
2008-Q1,GA,1586522
2008-Q1,HI,138500
2008-Q1,IA,208530
2008-Q1,ID,261699
2008-Q1,IL,1698962
2008-Q1,IN,503202
2008-Q1,KS,221559
2008-Q1,KY,177186
2008-Q1,LA,127150
2008-Q1,MA,552088
2008-Q1,MD,776169
2008-Q1,ME,128508
2008-Q1,MI,872243
2008-Q1,MN,1204127
2008-Q1,MO,621502
2008-Q1,MS,183439
2008-Q1,MT,87300
2008-Q1,NC,758911
2008-Q1,ND,27950
2008-Q1,NE,106644
2008-Q1,NH,130877
2008-Q1,NJ,631833
2008-Q1,NM,90399
2008-Q1,NV,118500
2008-Q1,NY,1340820
2008-Q1,OH,1055924
2008-Q1,OK,164690
2008-Q1,OR,417201
2008-Q1,PA,816029
2008-Q1,RI,40050
2008-Q1,SC,229293
2008-Q1,TN,451400
2008-Q1,TX,360204
2008-Q1,UT,285498
2008-Q1,VA,899698
2008-Q1,VT,44500
2008-Q1,WA,978488
2008-Q1,WI,349244
2008-Q1,WV,83890
2008-Q1,WY,14500
2008-Q2,AK,47400
2008-Q2,AL,208062
2008-Q2,AR,106750
2008-Q2,AZ,476370
2008-Q2,CA,3123674
2008-Q2,CO,323847
2008-Q2,CT,300600
2008-Q2,DC,125500
2008-Q2,DE,86999
2008-Q2,FL,1713715
2008-Q2,GA,1239925
2008-Q2,HI,96804
2008-Q2,IA,134300
2008-Q2,ID,79910
2008-Q2,IL,1007700
2008-Q2,IN,309075
2008-Q2,KS,208025
2008-Q2,KY,138000
2008-Q2,LA,61300
2008-Q2,MA,432995
2008-Q2,MD,609376
2008-Q2,ME,121350
2008-Q2,MI,553336
2008-Q2,MN,464264
2008-Q2,MO,455650
2008-Q2,MS,127250
2008-Q2,MT,44350
2008-Q2,NC,635574
2008-Q2,ND,21700
2008-Q2,NE,101000
2008-Q2,NH,73850
2008-Q2,NJ,454965
2008-Q2,NM,29000
2008-Q2,NV,224800
2008-Q2,NY,936873
2008-Q2,OH,716099
2008-Q2,OK,165075
2008-Q2,OR,259070
2008-Q2,PA,550140
2008-Q2,RI,48821
2008-Q2,SC,236290
2008-Q2,TN,337445
2008-Q2,TX,385249
2008-Q2,UT,156721
2008-Q2,VA,861484
2008-Q2,VT,27900
2008-Q2,WA,642848
2008-Q2,WI,237265
2008-Q2,WV,99500
2008-Q2,WY,22875
2008-Q3,AL,30500
2008-Q3,AR,20700
2008-Q3,AZ,47500
2008-Q3,CA,444469
2008-Q3,CO,92905
2008-Q3,CT,14500
2008-Q3,DC,20800
2008-Q3,DE,1200
2008-Q3,FL,241200
2008-Q3,GA,194300
2008-Q3,HI,5900
2008-Q3,IA,15300
2008-Q3,ID,6400
2008-Q3,IL,167800
2008-Q3,IN,84750
2008-Q3,KS,42000
2008-Q3,KY,30000
2008-Q3,LA,32999
2008-Q3,MA,57780
2008-Q3,MD,100900
2008-Q3,ME,12000
2008-Q3,MI,67050
2008-Q3,MN,27900
2008-Q3,MO,64499
2008-Q3,MS,17500
2008-Q3,MT,7000
2008-Q3,NC,97850
2008-Q3,ND,4500
2008-Q3,NE,7700
2008-Q3,NH,22495
2008-Q3,NJ,41999
2008-Q3,NM,1500
2008-Q3,NV,29000
2008-Q3,NY,108400
2008-Q3,OH,98899
2008-Q3,OK,40229
2008-Q3,OR,17500
2008-Q3,PA,54199
2008-Q3,RI,6000
2008-Q3,SC,38500
2008-Q3,TN,41750
2008-Q3,TX,75000
2008-Q3,UT,26700
2008-Q3,VA,178299
2008-Q3,VT,6700
2008-Q3,WA,142250
2008-Q3,WI,50255
2008-Q3,WV,4200
2009-Q1,GA,5500
2009-Q1,IL,1000
2009-Q1,MA,3000
2009-Q1,MD,3000
2009-Q1,MN,1700
2009-Q1,NJ,3500
2009-Q1,OH,5000
2009-Q1,OR,2400
2009-Q1,VA,1000
2009-Q1,WA,2000
2009-Q2,AL,15600
2009-Q2,AR,15100
2009-Q2,AZ,32917
2009-Q2,CA,278800
2009-Q2,CO,64360
2009-Q2,CT,50750
2009-Q2,DC,5500
2009-Q2,DE,9500
2009-Q2,FL,86565
2009-Q2,GA,110700
2009-Q2,HI,9000
2009-Q2,ID,21000
2009-Q2,IL,185498
2009-Q2,IN,52600
2009-Q2,KY,3500
2009-Q2,LA,13000
2009-Q2,MA,34800
2009-Q2,MD,101540
2009-Q2,MI,81299
2009-Q2,MN,84500
2009-Q2,MO,60570
2009-Q2,MS,9700
2009-Q2,NC,47100
2009-Q2,NE,10500
2009-Q2,NH,7000
2009-Q2,NJ,83250
2009-Q2,NV,7500
2009-Q2,NY,106000
2009-Q2,OH,62390
2009-Q2,OK,29495
2009-Q2,OR,60640
2009-Q2,PA,45400
2009-Q2,RI,6500
2009-Q2,SC,5475
2009-Q2,TN,37900
2009-Q2,TX,98640
2009-Q2,UT,45550
2009-Q2,VA,104800
2009-Q2,VT,7500
2009-Q2,WA,60300
2009-Q2,WI,27000
2009-Q2,WV,3500
2009-Q3,AK,12000
2009-Q3,AL,85320
2009-Q3,AR,60700
2009-Q3,AZ,77150
2009-Q3,CA,989431
2009-Q3,CO,219478
2009-Q3,CT,156700
2009-Q3,DC,78000
2009-Q3,DE,11000
2009-Q3,FL,493255
2009-Q3,GA,512643
2009-Q3,HI,13500
2009-Q3,ID,46950
2009-Q3,IL,393734
2009-Q3,IN,129949
2009-Q3,KS,14000
2009-Q3,KY,28500
2009-Q3,LA,38476
2009-Q3,MA,101451
2009-Q3,MD,136939
2009-Q3,MI,126100
2009-Q3,MN,160850
2009-Q3,MO,161727
2009-Q3,MS,26980
2009-Q3,MT,7685
2009-Q3,NC,242710
2009-Q3,NE,46850
2009-Q3,NH,11715
2009-Q3,NJ,97500
2009-Q3,NM,22250
2009-Q3,NV,44575
2009-Q3,NY,348113
2009-Q3,OH,159598
2009-Q3,OK,51306
2009-Q3,OR,129080
2009-Q3,PA,195600
2009-Q3,RI,18000
2009-Q3,SC,94282
2009-Q3,SD,9500
2009-Q3,TN,83900
2009-Q3,TX,405257
2009-Q3,UT,42300
2009-Q3,VA,187697
2009-Q3,VT,7000
2009-Q3,WA,256456
2009-Q3,WI,119350
2009-Q3,WV,39750
2009-Q3,WY,7750
2009-Q4,AK,6000
2009-Q4,AL,76564
2009-Q4,AR,43622
2009-Q4,AZ,132471
2009-Q4,CA,845960
2009-Q4,CO,157180
2009-Q4,CT,106100
2009-Q4,DC,7600
2009-Q4,DE,8000
2009-Q4,FL,346499
2009-Q4,GA,294750
2009-Q4,HI,4600
2009-Q4,ID,54099
2009-Q4,IL,368461
2009-Q4,IN,74900
2009-Q4,KS,53150
2009-Q4,KY,48800
2009-Q4,LA,82700
2009-Q4,MA,126665
2009-Q4,MD,158951
2009-Q4,MI,154900
2009-Q4,MN,112500
2009-Q4,MO,155427
2009-Q4,MS,63050
2009-Q4,MT,6050
2009-Q4,NC,192850
2009-Q4,NE,36000
2009-Q4,NH,20000
2009-Q4,NJ,191373
2009-Q4,NM,15000
2009-Q4,NV,50500
2009-Q4,NY,300310
2009-Q4,OH,192353
2009-Q4,OK,51450
2009-Q4,OR,118750
2009-Q4,PA,111300
2009-Q4,RI,46000
2009-Q4,SC,104747
2009-Q4,SD,32000
2009-Q4,TN,143300
2009-Q4,TX,356528
2009-Q4,UT,48650
2009-Q4,VA,192200
2009-Q4,VT,7500
2009-Q4,WA,146430
2009-Q4,WI,72900
2009-Q4,WV,7500
2009-Q4,WY,7050
2010-Q1,AK,24700
2010-Q1,AL,86750
2010-Q1,AR,36500
2010-Q1,AZ,96850
2010-Q1,CA,791190
2010-Q1,CO,128050
2010-Q1,CT,142900
2010-Q1,DC,22900
2010-Q1,DE,15100
2010-Q1,FL,402550
2010-Q1,GA,285525
2010-Q1,HI,17500
2010-Q1,ID,66200
2010-Q1,IL,278174
2010-Q1,IN,101500
2010-Q1,KS,38200
2010-Q1,KY,52634
2010-Q1,LA,26575
2010-Q1,MA,133400
2010-Q1,MD,230800
2010-Q1,MI,183220
2010-Q1,MN,132950
2010-Q1,MO,157295
2010-Q1,MS,28750
2010-Q1,MT,21900
2010-Q1,NC,214530
2010-Q1,NE,36700
2010-Q1,NH,24950
2010-Q1,NJ,167000
2010-Q1,NM,22850
2010-Q1,NV,89660
2010-Q1,NY,375999
2010-Q1,OH,244550
2010-Q1,OK,58400
2010-Q1,OR,101150
2010-Q1,PA,169240
2010-Q1,RI,10000
2010-Q1,SC,81800
2010-Q1,SD,15500
2010-Q1,TN,121950
2010-Q1,TX,421465
2010-Q1,UT,67600
2010-Q1,VA,307229
2010-Q1,VT,12100
2010-Q1,WA,183500
2010-Q1,WI,113300
2010-Q1,WV,26500
2010-Q1,WY,13100
2010-Q2,AK,7500
2010-Q2,AL,66900
2010-Q2,AR,17100
2010-Q2,AZ,123100
2010-Q2,CA,745650
2010-Q2,CO,98800
2010-Q2,CT,71900
2010-Q2,DE,41500
2010-Q2,FL,343276
2010-Q2,GA,320875
2010-Q2,HI,3500
2010-Q2,ID,25000
2010-Q2,IL,524344
2010-Q2,IN,173574
2010-Q2,KS,36799
2010-Q2,KY,31600
2010-Q2,LA,65150
2010-Q2,MA,170800
2010-Q2,MD,147600
2010-Q2,MI,214250
2010-Q2,MN,102350
2010-Q2,MO,146700
2010-Q2,MS,36500
2010-Q2,MT,14000
2010-Q2,NC,212809
2010-Q2,NE,35300
2010-Q2,NH,5850
2010-Q2,NJ,151900
2010-Q2,NM,18500
2010-Q2,NV,41925
2010-Q2,NY,394648
2010-Q2,OH,251735
2010-Q2,OK,45325
2010-Q2,OR,105601
2010-Q2,PA,189210
2010-Q2,RI,15500
2010-Q2,SC,99000
2010-Q2,SD,1000
2010-Q2,TN,151135
2010-Q2,TX,381039
2010-Q2,UT,39000
2010-Q2,VA,309512
2010-Q2,VT,3500
2010-Q2,WA,163250
2010-Q2,WI,78250
2010-Q2,WV,11200
2010-Q2,WY,10500
2010-Q3,AK,11500
2010-Q3,AL,145550
2010-Q3,AR,54300
2010-Q3,AZ,78650
2010-Q3,CA,1174000
2010-Q3,CO,168250
2010-Q3,CT,123349
2010-Q3,DC,72100
2010-Q3,DE,16000
2010-Q3,FL,510120
2010-Q3,GA,389705
2010-Q3,HI,15500
2010-Q3,ID,44000
2010-Q3,IL,362300
2010-Q3,IN,255500
2010-Q3,KS,88100
2010-Q3,KY,80400
2010-Q3,LA,71700
2010-Q3,MA,180750
2010-Q3,MD,294301
2010-Q3,MI,233625
2010-Q3,MN,143550
2010-Q3,MO,210957
2010-Q3,MS,52800
2010-Q3,MT,9300
2010-Q3,NC,344301
2010-Q3,NE,19750
2010-Q3,NH,37100
2010-Q3,NJ,257500
2010-Q3,NM,37500
2010-Q3,NV,81700
2010-Q3,NY,575900
2010-Q3,OH,290650
2010-Q3,OK,77575
2010-Q3,OR,104799
2010-Q3,PA,176610
2010-Q3,RI,50000
2010-Q3,SC,93536
2010-Q3,SD,3000
2010-Q3,TN,194400
2010-Q3,TX,479525
2010-Q3,UT,102450
2010-Q3,VA,308650
2010-Q3,VT,5000
2010-Q3,WA,206800
2010-Q3,WI,129100
2010-Q3,WV,19000
2010-Q4,AK,32200
2010-Q4,AL,122499
2010-Q4,AR,59000
2010-Q4,AZ,117750
2010-Q4,CA,1469295
2010-Q4,CO,195200
2010-Q4,CT,236100
2010-Q4,DC,62777
2010-Q4,DE,63000
2010-Q4,FL,787083
2010-Q4,GA,508300
2010-Q4,HI,25200
2010-Q4,ID,17000
2010-Q4,IL,702165
2010-Q4,IN,228937
2010-Q4,KS,67500
2010-Q4,KY,89500
2010-Q4,LA,113900
2010-Q4,MA,258600
2010-Q4,MD,204050
2010-Q4,MI,186664
2010-Q4,MN,256350
2010-Q4,MO,297134
2010-Q4,MS,84200
2010-Q4,MT,33000
2010-Q4,NC,480500
2010-Q4,NE,36100
2010-Q4,NH,81100
2010-Q4,NJ,283351
2010-Q4,NM,54000
2010-Q4,NV,79900
2010-Q4,NY,844981
2010-Q4,OH,388330
2010-Q4,OK,41700
2010-Q4,OR,152300
2010-Q4,PA,363439
2010-Q4,RI,51000
2010-Q4,SC,131330
2010-Q4,SD,35850
2010-Q4,TN,209350
2010-Q4,TX,851480
2010-Q4,UT,69800
2010-Q4,VA,530225
2010-Q4,VT,15000
2010-Q4,WA,292333
2010-Q4,WI,227400
2010-Q4,WV,31500
2010-Q4,WY,3500
2011-Q1,AK,24500
2011-Q1,AL,225435
2011-Q1,AR,108364
2011-Q1,AZ,197828
2011-Q1,CA,2008500
2011-Q1,CO,357899
2011-Q1,CT,196736
2011-Q1,DC,101300
2011-Q1,DE,29150
2011-Q1,FL,1142348
2011-Q1,GA,643287
2011-Q1,HI,57296
2011-Q1,ID,74039
2011-Q1,IL,1172393
2011-Q1,IN,378087
2011-Q1,KS,189755
2011-Q1,KY,127343
2011-Q1,LA,102864
2011-Q1,MA,328929
2011-Q1,MD,575277
2011-Q1,MI,553427
2011-Q1,MN,284300
2011-Q1,MO,381645
2011-Q1,MS,176963
2011-Q1,MT,34381
2011-Q1,NC,414906
2011-Q1,NE,75300
2011-Q1,NH,82504
2011-Q1,NJ,441559
2011-Q1,NM,68229
2011-Q1,NV,126500
2011-Q1,NY,1025708
2011-Q1,OH,547504
2011-Q1,OK,156470
2011-Q1,OR,231987
2011-Q1,PA,567306
2011-Q1,RI,91184
2011-Q1,SC,177301
2011-Q1,SD,30500
2011-Q1,TN,321389
2011-Q1,TX,827678
2011-Q1,UT,133315
2011-Q1,VA,687709
2011-Q1,VT,18500
2011-Q1,WA,406933
2011-Q1,WI,242568
2011-Q1,WV,73250
2011-Q2,AK,56500
2011-Q2,AL,263192
2011-Q2,AR,143251
2011-Q2,AZ,238857
2011-Q2,CA,2232415
2011-Q2,CO,432595
2011-Q2,CT,329769
2011-Q2,DC,116000
2011-Q2,DE,43300
2011-Q2,FL,1525325
2011-Q2,GA,1069096
2011-Q2,HI,78109
2011-Q2,ID,35000
2011-Q2,IL,1108906
2011-Q2,IN,340937
2011-Q2,KS,175500
2011-Q2,KY,166729
2011-Q2,LA,166337
2011-Q2,MA,349907
2011-Q2,MD,604417
2011-Q2,MI,638380
2011-Q2,MN,438283
2011-Q2,MO,408570
2011-Q2,MS,176500
2011-Q2,MT,49705
2011-Q2,NC,685929
2011-Q2,NE,137600
2011-Q2,NH,86857
2011-Q2,NJ,767851
2011-Q2,NM,100975
2011-Q2,NV,246284
2011-Q2,NY,1298629
2011-Q2,OH,907168
2011-Q2,OK,139833
2011-Q2,OR,291285
2011-Q2,PA,539492
2011-Q2,RI,122055
2011-Q2,SC,248128
2011-Q2,SD,57200
2011-Q2,TN,475292
2011-Q2,TX,1263519
2011-Q2,UT,86700
2011-Q2,VA,656908
2011-Q2,VT,23000
2011-Q2,WA,483596
2011-Q2,WI,357595
2011-Q2,WV,61433
2011-Q2,WY,10500
2011-Q3,AK,57500
2011-Q3,AL,321110
2011-Q3,AR,249400
2011-Q3,AZ,302760
2011-Q3,CA,3397761
2011-Q3,CO,573675
2011-Q3,CT,473524
2011-Q3,DC,186000
2011-Q3,DE,103000
2011-Q3,FL,2005147
2011-Q3,GA,1218922
2011-Q3,HI,102600
2011-Q3,ID,190600
2011-Q3,IL,1607276
2011-Q3,IN,556482
2011-Q3,KS,223742
2011-Q3,KY,254818
2011-Q3,LA,276580
2011-Q3,MA,465850
2011-Q3,MD,660100
2011-Q3,MI,564505
2011-Q3,MN,420086
2011-Q3,MO,630989
2011-Q3,MS,169010
2011-Q3,MT,73900
2011-Q3,NC,796001
2011-Q3,NE,198636
2011-Q3,NH,92900
2011-Q3,NJ,827251
2011-Q3,NM,99500
2011-Q3,NV,276299
2011-Q3,NY,1778394
2011-Q3,OH,944741
2011-Q3,OK,216290
2011-Q3,OR,303650
2011-Q3,PA,766000
2011-Q3,RI,113725
2011-Q3,SC,348700
2011-Q3,SD,83100
2011-Q3,TN,632606
2011-Q3,TX,1784309
2011-Q3,UT,188100
2011-Q3,VA,1159245
2011-Q3,VT,35100
2011-Q3,WA,682650
2011-Q3,WI,618651
2011-Q3,WV,117500
2011-Q3,WY,61700
2011-Q4,AK,70000
2011-Q4,AL,533388
2011-Q4,AR,213500
2011-Q4,AZ,537870
2011-Q4,CA,5081566
2011-Q4,CO,694431
2011-Q4,CT,479100
2011-Q4,DC,163100
2011-Q4,DE,141000
2011-Q4,FL,2198823
2011-Q4,GA,1348087
2011-Q4,HI,149500
2011-Q4,ID,115000
2011-Q4,IL,1497260
2011-Q4,IN,803231
2011-Q4,KS,225000
2011-Q4,KY,337525
2011-Q4,LA,457400
2011-Q4,MA,734806
2011-Q4,MD,883044
2011-Q4,MI,1037726
2011-Q4,MN,610410
2011-Q4,MO,587680
2011-Q4,MS,172850
2011-Q4,MT,58850
2011-Q4,NC,1061602
2011-Q4,NE,185200
2011-Q4,NH,137000
2011-Q4,NJ,910335
2011-Q4,NM,115000
2011-Q4,NV,385700
2011-Q4,NY,2073429
2011-Q4,OH,1108646
2011-Q4,OK,285500
2011-Q4,OR,524140
2011-Q4,PA,844450
2011-Q4,RI,100500
2011-Q4,SC,419069
2011-Q4,SD,60585
2011-Q4,TN,536700
2011-Q4,TX,2106740
2011-Q4,UT,136300
2011-Q4,VA,1295737
2011-Q4,VT,45000
2011-Q4,WA,912725
2011-Q4,WI,539625
2011-Q4,WV,129050
2011-Q4,WY,20000
2012-Q1,AK,120047
2012-Q1,AL,615550
2012-Q1,AR,283254
2012-Q1,AZ,579899
2012-Q1,CA,4559346
2012-Q1,CO,601892
2012-Q1,CT,800969
2012-Q1,DC,243700
2012-Q1,DE,136500
2012-Q1,FL,2528932
2012-Q1,GA,1672735
2012-Q1,HI,181500
2012-Q1,ID,143000
2012-Q1,IL,1847757
2012-Q1,IN,807200
2012-Q1,KS,376175
2012-Q1,KY,431237
2012-Q1,LA,421191
2012-Q1,MA,836646
2012-Q1,MD,1012730
2012-Q1,MI,1045685
2012-Q1,MN,725000
2012-Q1,MO,861500
2012-Q1,MS,298935
2012-Q1,MT,99100
2012-Q1,NC,1098061
2012-Q1,NE,242489
2012-Q1,NH,238801
2012-Q1,NJ,1301300
2012-Q1,NM,141200
2012-Q1,NV,311164
2012-Q1,NY,2983434
2012-Q1,OH,1483188
2012-Q1,OK,295500
2012-Q1,OR,456631
2012-Q1,PA,1120989
2012-Q1,RI,191500
2012-Q1,SC,417718
2012-Q1,SD,65500
2012-Q1,TN,888000
2012-Q1,TX,1991792
2012-Q1,UT,345700
2012-Q1,VA,1338064
2012-Q1,VT,36000
2012-Q1,WA,907495
2012-Q1,WI,762950
2012-Q1,WV,136400
2012-Q1,WY,25200
2012-Q2,AK,37000
2012-Q2,AL,611105
2012-Q2,AR,410190
2012-Q2,AZ,568092
2012-Q2,CA,5273307
2012-Q2,CO,835539
2012-Q2,CT,764648
2012-Q2,DC,275700
2012-Q2,DE,76700
2012-Q2,FL,2979099
2012-Q2,GA,2144758
2012-Q2,HI,139400
2012-Q2,ID,190300
2012-Q2,IL,2312310
2012-Q2,IN,831825
2012-Q2,KS,499850
2012-Q2,KY,640500
2012-Q2,LA,417250
2012-Q2,MA,1036954
2012-Q2,MD,1473049
2012-Q2,MI,1464124
2012-Q2,MN,854072
2012-Q2,MO,812582
2012-Q2,MS,374100
2012-Q2,MT,113000
2012-Q2,NC,1371245
2012-Q2,NE,169800
2012-Q2,NH,246450
2012-Q2,NJ,1547850
2012-Q2,NM,130500
2012-Q2,NV,393500
2012-Q2,NY,3381663
2012-Q2,OH,1730629
2012-Q2,OK,379644
2012-Q2,OR,635900
2012-Q2,PA,1520450
2012-Q2,RI,159008
2012-Q2,SC,594425
2012-Q2,SD,95700
2012-Q2,TN,832083
2012-Q2,TX,2877063
2012-Q2,UT,148800
2012-Q2,VA,1513165
2012-Q2,VT,104500
2012-Q2,WA,1056845
2012-Q2,WI,785989
2012-Q2,WV,204300
2012-Q2,WY,59500
2012-Q3,AK,51400
2012-Q3,AL,437039
2012-Q3,AR,221739
2012-Q3,AZ,640447
2012-Q3,CA,4441728
2012-Q3,CO,938248
2012-Q3,CT,683105
2012-Q3,DC,199074
2012-Q3,DE,130242
2012-Q3,FL,2329560
2012-Q3,GA,1456747
2012-Q3,HI,97000
2012-Q3,ID,91300
2012-Q3,IL,1980044
2012-Q3,IN,641839
2012-Q3,KS,401848
2012-Q3,KY,465122
2012-Q3,LA,439811
2012-Q3,MA,904466
2012-Q3,MD,974182
2012-Q3,MI,1170776
2012-Q3,MN,739020
2012-Q3,MO,698021
2012-Q3,MS,278100
2012-Q3,MT,61523
2012-Q3,NC,1231443
2012-Q3,NE,260644
2012-Q3,NH,181881
2012-Q3,NJ,1217031
2012-Q3,NM,120700
2012-Q3,NV,311909
2012-Q3,NY,2690646
2012-Q3,OH,1402322
2012-Q3,OK,407017
2012-Q3,OR,558950
2012-Q3,PA,958653
2012-Q3,RI,191913
2012-Q3,SC,411236
2012-Q3,SD,97000
2012-Q3,TN,714955
2012-Q3,TX,2501107
2012-Q3,UT,112500
2012-Q3,VA,1120133
2012-Q3,VT,98438
2012-Q3,WA,1069316
2012-Q3,WI,717782
2012-Q3,WV,117232
2012-Q3,WY,61728
2012-Q4,AK,67500
2012-Q4,AL,458461
2012-Q4,AR,166303
2012-Q4,AZ,386091
2012-Q4,CA,4672267
2012-Q4,CO,789700
2012-Q4,CT,784528
2012-Q4,DC,191515
2012-Q4,DE,56500
2012-Q4,FL,2259056
2012-Q4,GA,1324001
2012-Q4,HI,147500
2012-Q4,ID,112000
2012-Q4,IL,1613054
2012-Q4,IN,600687
2012-Q4,KS,235500
2012-Q4,KY,261126
2012-Q4,LA,334167
2012-Q4,MA,867152
2012-Q4,MD,599509
2012-Q4,MI,977499
2012-Q4,MN,597970
2012-Q4,MO,808998
2012-Q4,MS,246309
2012-Q4,MT,73500
2012-Q4,NC,883933
2012-Q4,NE,191000
2012-Q4,NH,143133
2012-Q4,NJ,1224783
2012-Q4,NM,118500
2012-Q4,NV,546449
2012-Q4,NY,2408614
2012-Q4,OH,1339584
2012-Q4,OK,353753
2012-Q4,OR,369264
2012-Q4,PA,832090
2012-Q4,RI,191800
2012-Q4,SC,536820
2012-Q4,SD,48500
2012-Q4,TN,548217
2012-Q4,TX,2280725
2012-Q4,UT,198590
2012-Q4,VA,1282582
2012-Q4,VT,76500
2012-Q4,WA,766335
2012-Q4,WI,677908
2012-Q4,WV,174800
2012-Q4,WY,117736
2013-Q1,AK,158000
2013-Q1,AL,933250
2013-Q1,AR,584400
2013-Q1,AZ,1330977
2013-Q1,CA,9563476
2013-Q1,CO,1274940
2013-Q1,CT,1434474
2013-Q1,DC,172500
2013-Q1,DE,325500
2013-Q1,FL,3889139
2013-Q1,GA,2565442
2013-Q1,HI,360700
2013-Q1,ID,369879
2013-Q1,IL,3733015
2013-Q1,IN,1345900
2013-Q1,KS,622100
2013-Q1,KY,695400
2013-Q1,LA,655495
2013-Q1,MA,1897651
2013-Q1,MD,1817875
2013-Q1,MI,2124049
2013-Q1,MN,1442845
2013-Q1,MO,1463400
2013-Q1,MS,709900
2013-Q1,MT,175000
2013-Q1,NC,1599525
2013-Q1,NE,521025
2013-Q1,NH,501500
2013-Q1,NJ,2671546
2013-Q1,NM,361399
2013-Q1,NV,1075207
2013-Q1,NY,5211617
2013-Q1,OH,2738032
2013-Q1,OK,595250
2013-Q1,OR,955651
2013-Q1,PA,2450169
2013-Q1,RI,277692
2013-Q1,SC,684000
2013-Q1,SD,120500
2013-Q1,TN,1071520
2013-Q1,TX,5456435
2013-Q1,UT,628257
2013-Q1,VA,2511639
2013-Q1,VT,149500
2013-Q1,WA,1985643
2013-Q1,WI,1267163
2013-Q1,WV,201561
2013-Q1,WY,97000
2013-Q2,AK,185000
2013-Q2,AL,1288100
2013-Q2,AR,833350
2013-Q2,AZ,1357800
2013-Q2,CA,13287500
2013-Q2,CO,1752042
2013-Q2,CT,2109750
2013-Q2,DC,473300
2013-Q2,DE,272500
2013-Q2,FL,5241360
2013-Q2,GA,3073262
2013-Q2,HI,328000
2013-Q2,ID,290000
2013-Q2,IL,5209632
2013-Q2,IN,1585250
2013-Q2,KS,1141500
2013-Q2,KY,832426
2013-Q2,LA,992400
2013-Q2,MA,2544463
2013-Q2,MD,3092150
2013-Q2,MI,2881315
2013-Q2,MN,1898890
2013-Q2,MO,1640074
2013-Q2,MS,674649
2013-Q2,MT,247700
2013-Q2,NC,2344654
2013-Q2,NE,527000
2013-Q2,NH,429800
2013-Q2,NJ,3851701
2013-Q2,NM,248000
2013-Q2,NV,1221733
2013-Q2,NY,6731795
2013-Q2,OH,3312202
2013-Q2,OK,831450
2013-Q2,OR,1157500
2013-Q2,PA,2773400
2013-Q2,RI,452600
2013-Q2,SC,975401
2013-Q2,SD,172000
2013-Q2,TN,1644143
2013-Q2,TX,7497101
2013-Q2,UT,464500
2013-Q2,VA,2943912
2013-Q2,VT,194000
2013-Q2,WA,2158350
2013-Q2,WI,1557076
2013-Q2,WV,391500
2013-Q2,WY,198900
2013-Q3,AK,300000
2013-Q3,AL,2110045
2013-Q3,AR,1413400
2013-Q3,AZ,2546645
2013-Q3,CA,22455230
2013-Q3,CO,3521124
2013-Q3,CT,2611855
2013-Q3,DC,553000
2013-Q3,DE,420500
2013-Q3,FL,9154736
2013-Q3,GA,5889125
2013-Q3,HI,887480
2013-Q3,ID,785000
2013-Q3,IL,7953349
2013-Q3,IN,2903480
2013-Q3,KS,1780134
2013-Q3,KY,1833306
2013-Q3,LA,1475100
2013-Q3,MA,3530289
2013-Q3,MD,4035298
2013-Q3,MI,4278350
2013-Q3,MN,2647712
2013-Q3,MO,2591211
2013-Q3,MS,1234169
2013-Q3,MT,430500
2013-Q3,NC,3899841
2013-Q3,NE,1043500
2013-Q3,NH,920400
2013-Q3,NJ,5907102
2013-Q3,NM,770000
2013-Q3,NV,2086925
2013-Q3,NY,11626106
2013-Q3,OH,6257646
2013-Q3,OK,1131100
2013-Q3,OR,2301920
2013-Q3,PA,5284021
2013-Q3,RI,936550
2013-Q3,SC,1915198
2013-Q3,SD,260200
2013-Q3,TN,2220836
2013-Q3,TX,12538902
2013-Q3,UT,806153
2013-Q3,VA,5190958
2013-Q3,VT,384900
2013-Q3,WA,3508948
2013-Q3,WI,2999606
2013-Q3,WV,620900
2013-Q3,WY,186750
2013-Q4,AK,436640
2013-Q4,AL,1787642
2013-Q4,AR,1339625
2013-Q4,AZ,2580958
2013-Q4,CA,20060190
2013-Q4,CO,3034693
2013-Q4,CT,2517600
2013-Q4,DC,572872
2013-Q4,DE,568810
2013-Q4,FL,8103540
2013-Q4,GA,5318325
2013-Q4,HI,639700
2013-Q4,ID,733800
2013-Q4,IL,6754023
2013-Q4,IN,2414900
2013-Q4,KS,1533985
2013-Q4,KY,1303258
2013-Q4,LA,1405256
2013-Q4,MA,3684101
2013-Q4,MD,3856324
2013-Q4,MI,4203482
2013-Q4,MN,2781834
2013-Q4,MO,2482484
2013-Q4,MS,1130656
2013-Q4,MT,289792
2013-Q4,NC,3849435
2013-Q4,NE,1123892
2013-Q4,NH,909600
2013-Q4,NJ,5228769
2013-Q4,NM,866075
2013-Q4,NV,1838216
2013-Q4,NY,9805577
2013-Q4,OH,5735817
2013-Q4,OK,1339394
2013-Q4,OR,1578821
2013-Q4,PA,4659771
2013-Q4,RI,687065
2013-Q4,SC,1414662
2013-Q4,SD,266629
2013-Q4,TN,2298304
2013-Q4,TX,11213244
2013-Q4,UT,932950
2013-Q4,VA,4741972
2013-Q4,VT,321858
2013-Q4,WA,3566900
2013-Q4,WI,2445126
2013-Q4,WV,431969
2013-Q4,WY,205000
